city_name,city_url,operating_date
Abilene,/cities/abilene
Akron,/cities/akron
Albuquerque,/cities/albuquerque
Amarillo,/cities/amarillo
Ames,/cities/ames
Ann Arbor,/cities/ann-arbor
"Asheville, NC",/cities/asheville-nc
Athens,/cities/athens
Atlanta,/cities/atlanta
Augusta,/cities/augusta
Austin,/cities/austin
Bakersfield,/cities/bakersfield
Baltimore,/cities/baltimore
Baton Rouge,/cities/baton-rouge
Bellingham,/cities/bellingham
"Birmingham, AL",/cities/birmingham-al
Boise,/cities/boise
Boston,/cities/boston
"Bowling Green, KY",/cities/bowling-green-ky
Burlington,/cities/burlington
Cedar Rapids,/cities/cedar-rapids
"Central Atlantic Coast, FL",/cities/daytona-beach
Champaign,/cities/champaign
"Charleston, SC",/cities/charleston
Charlotte,/cities/charlotte
Charlottesville-Harrisonburg,/cities/charlottesville-va
Chattanooga,/cities/chattanooga
Chicago,/cities/chicago
Cincinnati,/cities/cincinnati
Cleveland,/cities/cleveland
Coeur D'Alene,/cities/coeur-dalene
College Station,/cities/college-station
"Columbia, MO",/cities/columbia-mo
"Columbia, SC",/cities/columbia
Columbus,/cities/columbus
Connecticut,/cities/connecticut
Corpus Christi,/cities/corpus-christi
Dallas-Fort Worth,/cities/dallas
Dayton,/cities/dayton
Delaware,/cities/wilmington-de
Denver,/cities/denver
Des Moines,/cities/des-moines
Detroit,/cities/detroit
Eastern Idaho,/cities/eastern-idaho
Eastern North Carolina,/cities/eastern-north-carolina
Edmonton,/cities/edmonton
El Paso,/cities/el-paso
Erie,/cities/erie
Fargo,/cities/fargo
"Fayetteville, AR",/cities/fayetteville-ar
"Fayetteville, NC",/cities/fayetteville
Flagstaff,/cities/flagstaff
Flint,/cities/flint
Florida Keys,/cities/florida-keys
Fort Myers-Naples,/cities/fort-myers
Fort Wayne,/cities/fort-wayne
Fresno,/cities/fresno
Gainesville,/cities/gainesville
Georgia Coast,/cities/georgia-coast
Grand Rapids,/cities/grand-rapids
Greater Maine,/cities/maine
Greater Maryland,/cities/annapolis
Green Bay,/cities/green-bay
"Greenville, SC",/cities/greenville-sc
Guadalajara,/cities/guadalajara
Halifax,/cities/halifax
Hamilton,/cities/hamilton
Hampton Roads,/cities/virginia-beach
Harrisburg,/cities/harrisburg
Honolulu,/cities/honolulu
Houston,/cities/houston
Indianapolis,/cities/indianapolis
Inland Empire,/cities/inland-empire
Jackson,/cities/jackson
Jacksonville,/cities/jacksonville
Kalamazoo,/cities/kalamazoo
Kansas City,/cities/kansas-city
Killeen,/cities/killeen
Kingston,/cities/kingston
Kitchener-Waterloo,/cities/kitchenerwaterloo
Knoxville,/cities/knoxville
"Lafayette, LA",/cities/lafayette-la
"Lancaster, PA",/cities/lancaster-pa
Lansing,/cities/lansing
Las Cruces,/cities/las-cruces
Las Vegas,/cities/las-vegas
Lawrence,/cities/lawrence
Lehigh Valley,/cities/allentown
Leon,/cities/leon
Lexington,/cities/lexington
Lincoln,/cities/lincoln
Little Rock,/cities/little-rock
"London, Ont",/cities/london-ont
Los Angeles,/cities/los-angeles
Louisville,/cities/louisville
Lubbock,/cities/lubbock
Madison,/cities/madison
Manhattan,/cities/manhattan
Maui,/cities/maui
Memphis,/cities/memphis
Mexico City,/cities/mexico-city
Miami,/cities/miami
Midland,/cities/midland
Milwaukee,/cities/milwaukee
Minneapolis - St. Paul,/cities/minneapolis
"Mobile, AL",/cities/mobile-al
Modesto,/cities/modesto
Monterrey,/cities/monterrey
Montreal,/cities/montreal
Myrtle Beach,/cities/myrtle-beach
NW Indiana,/cities/nw-indiana
Nashville,/cities/nashville
New Hampshire,/cities/manchester-nh
New Jersey,/cities/new-jersey
New Jersey (Shore),/cities/new-jersey-shore
New Orleans,/cities/new-orleans
New York City,/cities/new-york
Niagara Region,/cities/niagara-region
"Ocala, FL",/cities/ocala-fl
Oklahoma City,/cities/oklahoma-city
Omaha,/cities/omaha
Orange County,/cities/orange-county
Orlando,/cities/orlando
Ottawa,/cities/ottawa
"Outer Banks, NC",/cities/outer-banks-nc
Oxford,/cities/oxford
Palm Springs,/cities/palm-springs
"Pensacola, FL",/cities/pensacola-fl
Peoria & Bloomington-Normal,/cities/peoria-il
Philadelphia,/cities/philadelphia
Phoenix,/cities/phoenix
"Piedmont Triad, NC",/cities/greensboro
Pittsburgh,/cities/pittsburgh
Portland,/cities/portland
"Portland, ME",/cities/portland-me
Puebla,/cities/puebla
Quad Cities,/cities/quad-cities
Quebec City,/cities/quebec-city
Queretaro,/cities/queretaro
Raleigh-Durham,/cities/raleigh
"Reading, PA",/cities/reading-pa
Reno,/cities/reno
Rhode Island,/cities/providence
Richmond,/cities/richmond
Roanoke-Blacksburg,/cities/roanoke
Rockford,/cities/rockford
Sacramento,/cities/sacramento
Salt Lake City,/cities/salt-lake-city
San Antonio,/cities/san-antonio
San Diego,/cities/san-diego
San Francisco Bay Area,/cities/san-francisco
San Luis Obispo,/cities/san-luis-obispo
Santa Barbara,/cities/santa-barbara
Santa Fe,/cities/santa-fe
Sarasota,/cities/sarasota
Savannah-Hilton Head,/cities/savannah
Seattle,/cities/seattle
South Bend,/cities/south-bend
Spokane,/cities/spokane
"Springfield, IL",/cities/springfield-il
St Louis,/cities/st-louis
State College,/cities/state-college
Stillwater,/cities/stillwater
Tacoma,/cities/tacoma
Tallahassee,/cities/tallahassee
Tampa Bay,/cities/tampa
Taos,/cities/taos
Tijuana,/cities/tijuana
Toledo,/cities/toledo
Toluca,/cities/toluca
Topeka,/cities/topeka
Toronto,/cities/toronto
Tucson,/cities/tucson
Tulsa,/cities/tulsa
Tuscaloosa,/cities/tuscaloosa
"Vancouver, WA",/cities/vancouver-wa
Ventura,/cities/ventura
Waco,/cities/waco
Washington D.C.,/cities/washington-dc
Western MA,/cities/springfield-ma
Wichita,/cities/wichita
Wilkes-Barre Scranton,/cities/wilkesbarre-scranton
"Wilmington, NC",/cities/wilmington-nc
Windsor,/cities/windsor
Worcester,/cities/worcester
Yuma,/cities/yuma
the Hamptons,/cities/hamptons
Barranquilla,/cities/barranquilla
Belo Horizonte,/cities/belo-horizonte
Bogotá,/cities/bogota
Brasilia,/cities/brasilia
Bucaramanga,/cities/bucaramanga
Cali - Colombia,/cities/cali
Cartagena,/cities/cartagena
Cúcuta,/cities/cucuta
Lima,/cities/lima
Medellín,/cities/medellin
Montevideo,/cities/montevideo
"Panama, Panama",/cities/panama-city
Porto Alegre,/cities/porto-alegre
Rio De Janeiro,/cities/rio-de-janeiro
"San Jose, Costa Rica",/cities/san-jose
Santiago,/cities/santiago
Santo Domingo,/cities/santo-domingo
São Paulo,/cities/sao-paulo
Abu Dhabi,/cities/abu-dhabi
Alexandria,/cities/alexandria
Amman,/cities/amman
Amsterdam,/cities/amsterdam
"Athens, GR",/cities/athens-gr
Baku,/cities/baku
Basel,/cities/basel
Beirut,/cities/beirut
Belfast,/cities/belfast
Berlin,/cities/berlin
"Birmingham, UK",/cities/birmingham
Bordeaux,/cities/bordeaux
Bratislava,/cities/bratislava
Bristol,/cities/bristol
Brussels,/cities/brussels
Bucharest,/cities/bucharest
Budapest,/cities/budapest
Cairo,/cities/cairo
Cape Town,/cities/cape-town
Casablanca,/cities/casablanca
Copenhagen,/cities/copenhagen
Doha,/cities/doha
Dubai,/cities/dubai
Dublin,/cities/dublin
Durban,/cities/durban
"Eastern Province, KSA",/cities/dammam
Edinburgh,/cities/edinburgh
Ekaterinburg,/cities/yekaterinburg
Florence,/cities/florence
Geneva,/cities/geneva
Genoa,/cities/genoa
Glasgow,/cities/glasgow-uk
Gothenburg,/cities/gothenburg
Helsinki,/cities/helsinki
Istanbul,/cities/istanbul
Jeddah,/cities/jeddah
Johannesburg,/cities/johannesburg
Kazan,/cities/kazan
Krakow,/cities/krakow
Lagos,/cities/lagos
Lausanne,/cities/lausanne
Leeds,/cities/leeds
Lille,/cities/lille
Lisbon,/cities/lisbon
London,/cities/london
Lyon,/cities/lyon
Manama,/cities/manama
Manchester,/cities/manchester
Marseille,/cities/marseille
Merseyside,/cities/liverpool
Milan,/cities/milano
Minsk,/cities/minsk
Moscow,/cities/moscow
Munich,/cities/munich
Nairobi,/cities/nairobi
Nantes,/cities/nantes
Newcastle,/cities/newcastle-uk
Nice,/cities/cannes
Novosibirsk,/cities/novosibirsk
Oslo,/cities/oslo
Paris,/cities/paris
Port Elizabeth,/cities/port-elizabeth
Porto,/cities/porto
Portsmouth,/cities/portsmouth
Poznan,/cities/poznan
Prague,/cities/prague
Riyadh,/cities/riyadh
Rome,/cities/rome
Rostov-On-Don,/cities/rostovondon
Rotterdam,/cities/rotterdam
Saint Petersburg,/cities/saint-petersburg
Sheffield,/cities/sheffield
Sochi,/cities/sochi
Sofia,/cities/sofia
Stockholm,/cities/stockholm
Strasbourg,/cities/strasbourg
Tallinn,/cities/tallinn
Tel Aviv,/cities/tel-aviv
Toulouse,/cities/toulouse
Trojmiasto,/cities/gdansk
Vienna,/cities/vienna
Vilnius,/cities/vilnius
Warsaw,/cities/warsaw
Wroclaw,/cities/wroclaw
Zagreb,/cities/zagreb
Zurich,/cities/zurich
Adelaide,/cities/adelaide
Ahmedabad,/cities/ahmedabad
Ajmer,/cities/ajmer
Auckland,/cities/auckland
Bali,/cities/bali
Bandung,/cities/bandung
Bangalore,/cities/bangalore
Bangkok,/cities/bangkok
Beijing,/cities/beijing
Bhubaneswar,/cities/bhubaneswar
Brisbane,/cities/brisbane
Canberra,/cities/canberra
Cebu,/cities/cebu
Chandigarh,/cities/chandigarh
Changsha,/cities/changsha
Chengdu,/cities/chengdu
Chennai,/cities/chennai
Chongqing,/cities/chongqing
Coimbatore,/cities/coimbatore
Colombo,/cities/colombo
Dalian,/cities/dalian
Foshan,/cities/foshan
Geelong,/cities/geelong
Gold Coast,/cities/gold-coast
Guangzhou,/cities/guangzhou
Guiyang,/cities/guiyang
Guwahati,/cities/guwahati
Hangzhou,/cities/hangzhou
Hanoi,/cities/hanoi
Ho Chi Minh City,/cities/ho-chi-minh-city
Hong Kong,/cities/hong-kong
Hyderabad,/cities/hyderabad
Incheon,/cities/incheon
Indore,/cities/indore
Jaipur,/cities/jaipur
Jakarta,/cities/jakarta
Jinan,/cities/jinan
Jodhpur,/cities/jodhpur
Johor Bahru,/cities/johor-bahru
Kochi,/cities/kochi
Kolkata,/cities/kolkata
Kuala Lumpur,/cities/kuala-lumpur
Macau,/cities/macau
Mangalore,/cities/mangalore
Manila,/cities/manila
Melbourne,/cities/melbourne
Mornington Peninsula,/cities/mornington-peninsula
Mumbai,/cities/mumbai
Mysore,/cities/mysore
Nagpur,/cities/nagpur
Nanjing,/cities/nanjing
Nashik,/cities/nashik
New Delhi,/cities/new-delhi
Ningbo,/cities/ningbo
Penang,/cities/penang
Perth,/cities/perth
Pune,/cities/pune
Qingdao,/cities/qingdao
Seoul,/cities/seoul
Shanghai,/cities/shanghai
Shenzhen,/cities/shenzhen
Singapore,/cities/singapore
Surat,/cities/surat
Suzhou,/cities/suzhou
Sydney,/cities/sydney
Taichung,/cities/taichung
Taipei,/cities/taipei
Thiruvananthapuram,/cities/thiruvananthapuram
Tianjin,/cities/tianjin
Tokyo,/cities/tokyo
Udaipur,/cities/udaipur
Vadodara,/cities/vadodara
Visakhapatnam,/cities/visakhapatnam
Wellington,/cities/wellington
Wuhan,/cities/wuhan
Xi'An,/cities/xian
Xiamen,/cities/xiamen
Yantai,/cities/yantai
